Symbol,Date,Open,Close,Shortname,Sector,Weight,PcChangeDay
MMM,2020-03-20,138.07000732421875,124.88999938964844,3M Company,Industrials,0.0022031405163058,-9.55
AOS,2020-03-20,37.130001068115234,34.75,A.O. Smith Corporation,Industrials,0.0002604296528755,-6.41
ABT,2020-03-20,74.05000305175781,68.0,Abbott Laboratories,Healthcare,0.0056386309777139,-8.17
ABBV,2020-03-20,73.0,68.81999969482422,AbbVie Inc.,Healthcare,0.008011123806549,-5.73
ABMD,2020-03-20,142.1300048828125,130.50999450683594,"ABIOMED, Inc.",Healthcare,0.0003476684324764,-8.18
ACN,2020-03-20,157.52999877929688,149.94000244140625,Accenture plc,Technology,0.0051516136097892,-4.82
ATVI,2020-03-20,55.25,52.04999923706055,"Activision Blizzard, Inc",Communication Services,0.00177952077076,-5.79
ADM,2020-03-20,33.88999938964844,30.61000061035156,Archer-Daniels-Midland Company,Consumer Defensive,0.0012189518715296,-9.68
ADBE,2020-03-20,312.9200134277344,295.3399963378906,Adobe Inc.,Technology,0.0052260793436716,-5.62
ADP,2020-03-20,118.91999816894533,112.05999755859376,"Automatic Data Processing, Inc.",Industrials,0.0026370405952756,-5.77
AAP,2020-03-20,86.48999786376953,75.02999877929688,Advance Auto Parts Inc.,Consumer Cyclical,0.0003314909687096,-13.25
AES,2020-03-20,11.210000038146973,11.869999885559082,The AES Corporation,Utilities,0.0004184310125831,5.89
AFL,2020-03-20,27.31999969482422,26.729999542236328,AFLAC Incorporated,Financial Services,0.0010676724158523,-2.16
A,2020-03-20,65.98999786376953,66.45999908447266,"Agilent Technologies, Inc.",Healthcare,0.0010643864750964,0.71
APD,2020-03-20,190.97000122070312,189.1499938964844,"Air Products and Chemicals, Inc",Basic Materials,0.0015294648081263,-0.95
AKAM,2020-03-20,90.0199966430664,82.37000274658203,"Akamai Technologies, Inc.",Technology,0.0004258124128034,-8.5
ALK,2020-03-20,25.709999084472656,23.559999465942383,"Alaska Air Group, Inc.",Industrials,0.0001567247980928,-8.36
ALB,2020-03-20,62.68000030517578,53.45000076293945,Albemarle Corporation,Basic Materials,0.0006819241758315,-14.73
ARE,2020-03-20,133.5800018310547,123.30999755859376,Alexandria Real Estate Equities,Real Estate,0.0006950488777437,-7.69
ALGN,2020-03-20,144.9499969482422,144.82000732421875,"Align Technology, Inc.",Healthcare,0.0005834383356016,-0.09
ALLE,2020-03-20,96.29000091552734,82.83999633789062,Allegion plc,Industrials,0.0002530237411619,-13.97
LNT,2020-03-20,45.060001373291016,40.70000076293945,Alliant Energy Corporation,Utilities,0.0004304459985046,-9.68
ALL,2020-03-20,76.36000061035156,73.87000274658203,Allstate Corporation (The),Financial Services,0.0010913826116675,-3.26
GOOGL,2020-03-20,1130.9000244140625,1068.2099609375,Alphabet Inc.,Communication Services,0.0450116342146792,-5.54
GOOG,2020-03-20,1135.719970703125,1072.3199462890625,Alphabet Inc.,Communication Services,0.04533356993343,-5.58
MO,2020-03-20,36.15999984741211,34.279998779296875,"Altria Group, Inc.",Consumer Defensive,0.0023111267677376,-5.2
AMZN,2020-03-20,96.31549835205078,92.30449676513672,"Amazon.com, Inc.",Consumer Cyclical,0.0016470652893461,-4.16
AMCR,2020-03-20,7.369999885559082,7.300000190734863,Amcor plc,Consumer Cyclical,0.0005680444479441,-0.95
AMD,2020-03-20,41.5099983215332,39.61000061035156,"Advanced Micro Devices, Inc.",Technology,0.0036795233563868,-4.58
AEE,2020-03-20,71.5,62.93000030517578,Ameren Corporation,Utilities,0.0006704049310554,-11.99
AAL,2020-03-20,10.649999618530272,10.380000114440918,"American Airlines Group, Inc.",Industrials,0.0002843829844345,-2.54
AEP,2020-03-20,80.94999694824219,71.44999694824219,American Electric Power Company,Utilities,0.0013929352424881,-11.74
AXP,2020-03-20,78.9800033569336,74.12000274658203,American Express Company,Financial Services,0.0032055576735286,-6.15
AIG,2020-03-20,20.809999465942383,19.229999542236328,"American International Group, I",Financial Services,0.0012621145102059,-7.59
AMT,2020-03-20,207.0,195.38999938964844,American Tower Corporation (REI,Real Estate,0.0034598258373225,-5.61
AWK,2020-03-20,115.12000274658205,100.69000244140624,"American Water Works Company, I",Utilities,0.0007990817450249,-12.53
AMP,2020-03-20,97.27999877929688,89.83000183105469,"Ameriprise Financial, Inc.",Financial Services,0.0007707215514652,-7.66
ABC,2020-03-20,86.83999633789062,80.61000061035156,AmerisourceBergen Corporation,Healthcare,0.0008749895463876,-7.17
AME,2020-03-20,70.70999908447266,63.369998931884766,"AMETEK, Inc.",Industrials,0.0007584282306865,-10.38
AMGN,2020-03-20,198.88999938964844,188.25,Amgen Inc.,Healthcare,0.0041364867713417,-5.35
APH,2020-03-20,34.400001525878906,35.02000045776367,Amphenol Corporation,Technology,0.0011448443403887,1.8
ADI,2020-03-20,92.41000366210938,85.08000183105469,"Analog Devices, Inc.",Technology,0.0023126791826112,-7.93
ANSS,2020-03-20,229.1699981689453,213.1100006103516,"ANSYS, Inc.",Technology,0.000619048633035,-7.01
AON,2020-03-20,152.60000610351562,149.5500030517578,Aon plc,Financial Services,0.0017726177252719,-2.0
AAPL,2020-03-20,61.79499816894531,57.310001373291016,Apple Inc.,Technology,0.0711579545734405,-7.26
AMAT,2020-03-20,41.4900016784668,37.9900016784668,"Applied Materials, Inc.",Technology,0.002344273127238,-8.44
APTV,2020-03-20,42.04999923706055,45.16999816894531,Aptiv PLC,Consumer Cyclical,0.0007232220531771,7.42
ANET,2020-03-20,45.13249969482422,41.119998931884766,"Arista Networks, Inc.",Technology,0.0008978695790317,-8.89
AJG,2020-03-20,68.7300033569336,71.58000183105469,Arthur J. Gallagher & Co.,Financial Services,0.0010158675422803,4.15
AIZ,2020-03-20,83.38999938964844,91.0500030517578,"Assurant, Inc.",Financial Services,0.0002933212755402,9.19
T,2020-03-20,23.00604248046875,21.4879150390625,AT&T Inc.,Communication Services,0.0043742159801289,-6.6
ATO,2020-03-20,98.8499984741211,86.19999694824219,Atmos Energy Corporation,Utilities,0.0004413643006331,-12.8
ADSK,2020-03-20,151.4600067138672,148.02000427246094,"Autodesk, Inc.",Technology,0.0011272083666492,-2.27
AZO,2020-03-20,830.25,728.1300048828125,"AutoZone, Inc.",Consumer Cyclical,0.0013244573771473,-12.3
AVB,2020-03-20,147.72000122070312,131.6199951171875,"AvalonBay Communities, Inc.",Real Estate,0.0007950666101808,-10.9
AVY,2020-03-20,103.41000366210938,90.8000030517578,Avery Dennison Corporation,Industrials,0.0004087594167661,-12.19
BKR,2020-03-20,10.1899995803833,10.0,Baker Hughes Company,Energy,0.0007111348116363,-1.86
BAC,2020-03-20,21.76000022888184,19.670000076293945,Bank of America Corporation,Financial Services,0.0076316749289533,-9.6
BBWI,2020-03-20,8.75505256652832,7.906225204467773,"Bath & Body Works, Inc.",Consumer Cyclical,0.0002057649579174,-9.7
BAX,2020-03-20,76.8499984741211,75.75,Baxter International Inc.,Healthcare,0.0009629760026561,-1.43
BDX,2020-03-20,212.49755859375,214.751220703125,"Becton, Dickinson and Company",Healthcare,0.0020081033255241,1.06
WRB,2020-03-20,32.41999816894531,31.71999931335449,W.R. Berkley Corporation,Financial Services,0.0003465575289724,-2.16
BRK-B,2020-03-20,176.3000030517578,170.05999755859375,Berkshire Hathaway Inc. New,Financial Services,0.0184628581557925,-3.54
BBY,2020-03-20,55.61000061035156,51.650001525878906,"Best Buy Co., Inc.",Consumer Cyclical,0.0005037268985654,-7.12
BIO,2020-03-20,347.3500061035156,329.010009765625,"Bio-Rad Laboratories, Inc.",Healthcare,0.0004448914892912,-5.28
TECH,2020-03-20,164.5500030517578,167.25999450683594,Bio-Techne Corp,Healthcare,0.0004122333195693,1.65
BIIB,2020-03-20,288.0199890136719,278.7699890136719,Biogen Inc.,Healthcare,0.0009416369360391,-3.21
BLK,2020-03-20,401.010009765625,354.7200012207031,"BlackRock, Inc.",Financial Services,0.0027252503040518,-11.54
BK,2020-03-20,30.299999237060547,29.06999969482422,The Bank of New York Mellon Cor,Financial Services,0.0010257093483426,-4.06
BA,2020-03-20,99.8499984741211,95.01000213623048,Boeing Company (The),Industrials,0.0025715154361784,-4.85
BKNG,2020-03-20,1216.3399658203125,1177.4300537109375,Booking Holdings Inc. Common St,Consumer Cyclical,0.0021222814541992,-3.2
BWA,2020-03-20,21.40999984741211,20.5,BorgWarner Inc.,Consumer Cyclical,0.0002460455626184,-4.25
BXP,2020-03-20,86.83999633789062,82.0,"Boston Properties, Inc.",Real Estate,0.0004087029337599,-5.57
BSX,2020-03-20,28.6299991607666,27.239999771118164,Boston Scientific Corporation,Healthcare,0.0015627037327691,-4.86
BMY,2020-03-20,49.04999923706055,48.400001525878906,Bristol-Myers Squibb Company,Healthcare,0.0049508032772368,-1.33
AVGO,2020-03-20,202.0,192.22000122070312,Broadcom Inc.,Technology,0.0059097684079173,-4.84
BR,2020-03-20,93.83999633789062,90.7699966430664,"Broadridge Financial Solutions,",Technology,0.000506420178818,-3.27
BRO,2020-03-20,34.630001068115234,33.619998931884766,"Brown & Brown, Inc.",Financial Services,0.0004958228097816,-2.92
BF-B,2020-03-20,56.84000015258789,48.84999847412109,Brown Forman Inc,Consumer Defensive,0.000974093502535,-14.06
CHRW,2020-03-20,64.56999969482422,63.90999984741211,"C.H. Robinson Worldwide, Inc.",Industrials,0.0003745781850644,-1.02
CDNS,2020-03-20,56.900001525878906,55.08000183105469,"Cadence Design Systems, Inc.",Technology,0.0012709117308168,-3.2
CZR,2020-03-20,8.510000228881836,8.819999694824219,"Caesars Entertainment, Inc.",Consumer Cyclical,0.0002461297847182,3.64
CPT,2020-03-20,77.7300033569336,71.04000091552734,Camden Property Trust,Real Estate,0.0004028325681407,-8.61
CPB,2020-03-20,47.130001068115234,45.29999923706055,Campbell Soup Company,Consumer Defensive,0.0004386558871977,-3.88
COF,2020-03-20,48.0,45.0099983215332,Capital One Financial Corporati,Financial Services,0.0013547030373986,-6.23
CAH,2020-03-20,44.83000183105469,43.33000183105469,"Cardinal Health, Inc.",Healthcare,0.0004457671433579,-3.35
KMX,2020-03-20,49.060001373291016,44.27000045776367,CarMax Inc,Consumer Cyclical,0.0004391682535298,-9.76
CCL,2020-03-20,11.09000015258789,12.0,Carnival Corporation,Consumer Cyclical,0.0003164855501592,8.21
CARR,2020-03-20,13.0,12.75,Carrier Global Corporation,Industrials,0.0009310072909991,-1.92
CTLT,2020-03-20,40.7400016784668,39.20000076293945,"Catalent, Inc.",Healthcare,0.0005325010166464,-3.78
CAT,2020-03-20,103.12000274658205,95.5,"Caterpillar, Inc.",Industrials,0.0028066949624797,-7.39
CBOE,2020-03-20,83.25,79.69000244140625,"Cboe Global Markets, Inc.",Financial Services,0.0003809093363081,-4.28
CBRE,2020-03-20,40.2400016784668,34.2599983215332,CBRE Group Inc,Real Estate,0.0007618814585779,-14.86
CDW,2020-03-20,89.66000366210938,79.55999755859375,CDW Corporation,Technology,0.0006384602741558,-11.26
CE,2020-03-20,65.04000091552734,64.7300033569336,Celanese Corporation Celanese C,Basic Materials,0.0003614795779966,-0.48
CNC,2020-03-20,54.47999954223633,48.84999847412109,Centene Corporation,Healthcare,0.0015079493805539,-10.33
CNP,2020-03-20,12.489999771118164,12.479999542236328,"CenterPoint Energy, Inc (Holdin",Utilities,0.0005505158984881,-0.08
CDAY,2020-03-20,46.08000183105469,47.7599983215332,Ceridian HCM Holding Inc.,Technology,0.0002186046414037,3.65
CF,2020-03-20,23.530000686645508,22.25,"CF Industries Holdings, Inc.",Basic Materials,0.0005447025030602,-5.44
CRL,2020-03-20,111.97000122070312,105.77999877929688,Charles River Laboratories Inte,Healthcare,0.0003264060974905,-5.53
SCHW,2020-03-20,32.5,30.75,Charles Schwab Corporation (The,Financial Services,0.0034995557707739,-5.38
CHTR,2020-03-20,394.80999755859375,371.7000122070313,"Charter Communications, Inc.",Communication Services,0.0024955776729407,-5.85
CVX,2020-03-20,59.52999877929688,59.38999938964844,Chevron Corporation,Energy,0.0079629850606958,-0.24
CMG,2020-03-20,573.8699951171875,566.0,"Chipotle Mexican Grill, Inc.",Consumer Cyclical,0.0010553596685733,-1.37
CB,2020-03-20,99.0,101.55999755859376,Chubb Limited,Financial Services,0.0024579051215736,2.59
CHD,2020-03-20,66.0,65.75,"Church & Dwight Company, Inc.",Consumer Defensive,0.0007039115029354,-0.38
CI,2020-03-20,149.32000732421875,142.08999633789062,Cigna Corporation,Healthcare,0.0027530354366649,-4.84
CINF,2020-03-20,81.95999908447266,75.02999877929688,Cincinnati Financial Corporatio,Financial Services,0.0005598018874097,-8.46
CTAS,2020-03-20,180.1699981689453,175.08999633789062,Cintas Corporation,Industrials,0.0011635172873146,-2.82
CSCO,2020-03-20,38.27000045776367,35.599998474121094,"Cisco Systems, Inc.",Technology,0.0053751740183978,-6.98
C,2020-03-20,40.459999084472656,38.060001373291016,"Citigroup, Inc.",Financial Services,0.0027218122397923,-5.93
CFG,2020-03-20,17.760000228881836,17.520000457763672,"Citizens Financial Group, Inc.",Financial Services,0.0004569967566755,-1.35
CTXS,2020-03-20,126.0,119.33000183105467,"Citrix Systems, Inc.",Technology,0.0003785830281263,-5.29
CLX,2020-03-20,190.6100006103516,177.39999389648438,Clorox Company (The),Consumer Defensive,0.0005256851163679,-6.93
CME,2020-03-20,155.16000366210938,158.41000366210938,CME Group Inc.,Financial Services,0.0021712527991483,2.09
CMS,2020-03-20,55.95000076293945,49.54999923706055,CMS Energy Corporation,Utilities,0.0005677658390453,-11.44
KO,2020-03-20,41.95000076293945,38.29999923706055,Coca-Cola Company (The),Consumer Defensive,0.0080493171586379,-8.7
CTSH,2020-03-20,46.31999969482422,44.09999847412109,Cognizant Technology Solutions ,Technology,0.0010293428955672,-4.79
CL,2020-03-20,66.73999786376953,62.08000183105469,Colgate-Palmolive Company,Consumer Defensive,0.0019626412956349,-6.98
CMCSA,2020-03-20,36.09000015258789,33.369998931884766,Comcast Corporation,Communication Services,0.0054003838913147,-7.54
CMA,2020-03-20,29.26000022888184,28.93000030517578,Comerica Incorporated,Financial Services,0.0002862040818133,-1.13
CAG,2020-03-20,26.309999465942383,26.049999237060547,"ConAgra Brands, Inc.",Consumer Defensive,0.0005077904778639,-0.99
COP,2020-03-20,27.059999465942383,26.84000015258789,ConocoPhillips,Energy,0.0032728688526874,-0.81
ED,2020-03-20,81.23999786376953,72.58999633789062,"Consolidated Edison, Inc.",Utilities,0.0009763616530123,-10.65
STZ,2020-03-20,126.5999984741211,119.6999969482422,"Constellation Brands, Inc.",Consumer Defensive,0.0013412086230003,-5.45
COO,2020-03-20,278.17999267578125,250.6499938964844,"The Cooper Companies, Inc.",Healthcare,0.0004366070917484,-9.9
CPRT,2020-03-20,71.48999786376953,60.150001525878906,"Copart, Inc.",Consumer Cyclical,0.000788935448363,-15.86
GLW,2020-03-20,21.350000381469727,18.86000061035156,Corning Incorporated,Technology,0.0008211814900582,-11.66
CTVA,2020-03-20,23.200000762939453,22.530000686645508,"Corteva, Inc.",Basic Materials,0.0011392068796293,-2.89
COST,2020-03-20,307.9200134277344,290.4200134277344,Costco Wholesale Corporation,Consumer Defensive,0.0064684760170097,-5.68
CTRA,2020-03-20,16.75,14.920000076293944,Coterra Energy Inc.,Energy,0.0006372192313695,-10.93
CCI,2020-03-20,129.30999755859375,128.05999755859375,Crown Castle International Corp,Real Estate,0.002196875317726,-0.97
CSX,2020-03-20,18.170000076293945,16.623332977294922,CSX Corporation,Industrials,0.0018743712977199,-8.51
CMI,2020-03-20,120.91000366210938,116.4800033569336,Cummins Inc.,Industrials,0.0008555991587106,-3.66
CVS,2020-03-20,55.810001373291016,54.70000076293945,CVS Health Corporation,Healthcare,0.0037282050698774,-1.99
DHI,2020-03-20,30.920000076293945,31.3799991607666,"D.R. Horton, Inc.",Consumer Cyclical,0.0007879844024238,1.49
DHR,2020-03-20,125.87999725341795,123.80999755859376,Danaher Corporation,Healthcare,0.0053694305949097,-1.64
DRI,2020-03-20,45.5,39.0,"Darden Restaurants, Inc.",Consumer Cyclical,0.0004470123272164,-14.29
DVA,2020-03-20,71.25,64.98999786376953,DaVita Inc.,Healthcare,0.0002560382285482,-8.79
DE,2020-03-20,119.66000366210938,111.62999725341795,Deere & Company,Industrials,0.0027053327213505,-6.71
DAL,2020-03-20,23.170000076293945,21.350000381469727,"Delta Air Lines, Inc.",Industrials,0.0005916762678789,-7.85
XRAY,2020-03-20,35.41999816894531,32.81999969482422,DENTSPLY SIRONA Inc.,Healthcare,0.0002263428437087,-7.34
DVN,2020-03-20,6.739999771118164,6.079999923706055,Devon Energy Corporation,Energy,0.0010453962489656,-9.79
DXCM,2020-03-20,52.07749938964844,52.375,"DexCom, Inc.",Healthcare,0.0002249413191518,0.57
FANG,2020-03-20,19.34000015258789,18.59000015258789,"Diamondback Energy, Inc. - Comm",Energy,0.0005948132518334,-3.88
DLR,2020-03-20,125.9499969482422,121.1999969482422,"Digital Realty Trust, Inc.",Real Estate,0.0010493303893102,-3.77
DFS,2020-03-20,29.700000762939453,25.25,Discover Financial Services,Financial Services,0.0008699920030725,-14.98
DISH,2020-03-20,20.149999618530277,19.96999931335449,DISH Network Corporation,Communication Services,0.0002739145976162,-0.89
DIS,2020-03-20,95.98999786376952,85.9800033569336,Walt Disney Company (The),Communication Services,0.0050589739281758,-10.43
DG,2020-03-20,142.38999938964844,140.1300048828125,Dollar General Corporation,Consumer Defensive,0.0017055190805516,-1.59
DLTR,2020-03-20,72.08000183105469,75.97000122070312,"Dollar Tree, Inc.",Consumer Defensive,0.0010978916463195,5.4
D,2020-03-20,72.0199966430664,67.22000122070312,"Dominion Energy, Inc.",Utilities,0.0019085733870277,-6.66
DPZ,2020-03-20,326.9100036621094,299.95001220703125,Domino's Pizza Inc,Consumer Cyclical,0.0004232744532057,-8.25
DOV,2020-03-20,71.79000091552734,66.12999725341797,Dover Corporation,Industrials,0.0005170710164037,-7.88
DOW,2020-03-20,28.59000015258789,27.440000534057617,Dow Inc.,Basic Materials,0.0011088731606965,-4.02
DTE,2020-03-20,73.71063995361328,70.63829803466797,DTE Energy Company,Utilities,0.0007212787332715,-4.17
DUK,2020-03-20,75.8499984741211,68.4000015258789,Duke Energy Corporation (Holdin,Utilities,0.0024631372444467,-9.82
DRE,2020-03-20,28.420000076293945,26.989999771118164,Duke Realty Corporation,Real Estate,0.0006446036155976,-5.03
DD,2020-03-20,32.529998779296875,31.46999931335449,"DuPont de Nemours, Inc.",Basic Materials,0.0008556511657051,-3.26
DXC,2020-03-20,12.949999809265137,11.670000076293944,DXC Technology Company,Technology,0.0002149623400744,-9.88
EMN,2020-03-20,42.11000061035156,40.810001373291016,Eastman Chemical Company,Basic Materials,0.0003626248889384,-3.09
ETN,2020-03-20,73.86000061035156,64.93000030517578,"Eaton Corporation, PLC",Industrials,0.001503849597323,-12.09
EBAY,2020-03-20,29.5,27.57999992370605,eBay Inc.,Consumer Cyclical,0.0008041457281889,-6.51
ECL,2020-03-20,159.4199981689453,141.8800048828125,Ecolab Inc.,Basic Materials,0.0013444730058217,-11.0
EIX,2020-03-20,48.869998931884766,46.86000061035156,Edison International,Utilities,0.0007035596944964,-4.11
EW,2020-03-20,60.45333480834961,55.48333358764648,Edwards Lifesciences Corporatio,Healthcare,0.0017885355194553,-8.22
EA,2020-03-20,92.23999786376952,86.94000244140625,Electronic Arts Inc.,Communication Services,0.001025780111958,-5.75
LLY,2020-03-20,132.16000366210938,122.4000015258789,Eli Lilly and Company,Healthcare,0.0092044059025599,-7.38
EMR,2020-03-20,46.5,44.09000015258789,Emerson Electric Company,Industrials,0.0014002407027528,-5.18
ENPH,2020-03-20,27.68000030517578,26.0,"Enphase Energy, Inc.",Technology,0.0007600898967873,-6.07
ETR,2020-03-20,85.72000122070312,79.98999786376953,Entergy Corporation,Utilities,0.0006632444692143,-6.68
EOG,2020-03-20,34.689998626708984,34.88999938964844,"EOG Resources, Inc.",Energy,0.0017309161542892,0.58
EPAM,2020-03-20,169.0,168.07000732421875,"EPAM Systems, Inc.",Technology,0.0005139854304624,-0.55
EFX,2020-03-20,117.0,105.6500015258789,"Equifax, Inc.",Industrials,0.0006790477140341,-9.7
EQIX,2020-03-20,549.75,506.5199890136719,"Equinix, Inc.",Real Estate,0.0016820841442386,-7.86
EQR,2020-03-20,60.290000915527344,55.290000915527344,Equity Residential,Real Estate,0.0007949729488723,-8.29
ESS,2020-03-20,212.0,196.3300018310547,"Essex Property Trust, Inc.",Real Estate,0.0005110843658245,-7.39
EL,2020-03-20,158.5500030517578,151.0,"Estee Lauder Companies, Inc. (T",Consumer Defensive,0.0026147850119534,-4.76
ETSY,2020-03-20,35.880001068115234,31.690000534057617,"Etsy, Inc.",Consumer Cyclical,0.000322664456103,-11.68
RE,2020-03-20,189.0,194.6499938964844,"Everest Re Group, Ltd.",Financial Services,0.0003240953792274,2.99
EVRG,2020-03-20,54.790000915527344,47.18000030517578,"Evergy, Inc.",Utilities,0.0004460760186222,-13.89
ES,2020-03-20,77.51000213623047,68.33999633789062,Eversource Energy (D/B/A),Utilities,0.0008524114466222,-11.83
EXC,2020-03-20,23.302425384521484,22.111270904541016,Exelon Corporation,Utilities,0.0012866810553838,-5.11
EXPE,2020-03-20,50.400001525878906,48.79999923706055,"Expedia Group, Inc.",Consumer Cyclical,0.0004146639157815,-3.17
EXPD,2020-03-20,58.59999847412109,54.93999862670898,Expeditors International of Was,Industrials,0.0004852932203527,-6.25
EXR,2020-03-20,86.7300033569336,79.72000122070312,Extra Space Storage Inc,Real Estate,0.0006648826895389,-8.08
XOM,2020-03-20,34.84000015258789,32.7400016784668,Exxon Mobil Corporation,Energy,0.0107055640465739,-6.03
FFIV,2020-03-20,99.48999786376952,100.13999938964844,"F5, Inc.",Technology,0.0002730657691714,0.65
FDS,2020-03-20,234.1499938964844,217.97999572753903,FactSet Research Systems Inc.,Financial Services,0.0004420358546508,-6.91
FAST,2020-03-20,32.36000061035156,28.739999771118164,Fastenal Company,Industrials,0.0008549644176065,-11.19
FRT,2020-03-20,76.5,71.55999755859375,Federal Realty Investment Trust,Real Estate,0.0002285345670455,-6.46
FDX,2020-03-20,113.87999725341795,111.05999755859376,FedEx Corporation,Industrials,0.0017568508366297,-2.48
FITB,2020-03-20,13.31999969482422,12.90999984741211,Fifth Third Bancorp,Financial Services,0.0006804777845847,-3.08
FRC,2020-03-20,90.51000213623048,79.56999969482422,FIRST REPUBLIC BANK,Financial Services,0.0007974323194463,-12.09
FE,2020-03-20,35.970001220703125,34.279998779296875,FirstEnergy Corp.,Utilities,0.0006342781566668,-4.7
FIS,2020-03-20,106.3000030517578,102.81999969482422,Fidelity National Information S,Technology,0.0017018761550165,-3.27
FISV,2020-03-20,87.11000061035156,81.7699966430664,"Fiserv, Inc.",Technology,0.001817751757887,-6.13
FLT,2020-03-20,197.6999969482422,187.02999877929688,"FleetCor Technologies, Inc.",Technology,0.0005103472854298,-5.4
FMC,2020-03-20,68.45999908447266,65.31999969482422,FMC Corporation,Basic Materials,0.0003902415469027,-4.59
F,2020-03-20,4.539999961853027,4.329999923706055,Ford Motor Company,Consumer Cyclical,0.0013736729235574,-4.63
FTNT,2020-03-20,17.535999298095703,16.98200035095215,"Fortinet, Inc.",Technology,0.0002898569032929,-3.16
FTV,2020-03-20,39.53974914550781,38.14225769042969,Fortive Corporation,Technology,0.0005838764975746,-3.53
FBHS,2020-03-20,38.86000061035156,36.59999847412109,"Fortune Brands Home & Security,",Consumer Cyclical,0.0002521355573071,-5.82
FOXA,2020-03-20,23.170000076293945,20.989999771118164,Fox Corporation,Communication Services,0.0005442281676039,-9.41
FOX,2020-03-20,22.299999237060547,20.049999237060547,Fox Corporation,Communication Services,0.000542187167114,-10.09
BEN,2020-03-20,19.43000030517578,16.899999618530273,"Franklin Resources, Inc.",Financial Services,0.0003585535755786,-13.02
FCX,2020-03-20,6.070000171661377,5.519999980926514,"Freeport-McMoRan, Inc.",Basic Materials,0.0011484042008882,-9.06
GRMN,2020-03-20,70.8499984741211,66.02999877929688,Garmin Ltd.,Technology,0.0005818851899505,-6.8
IT,2020-03-20,94.37999725341795,83.23999786376953,"Gartner, Inc.",Technology,0.0005813962998436,-11.8
GNRC,2020-03-20,89.6500015258789,84.77999877929688,Generac Holdlings Inc.,Industrials,0.0004114458764293,-5.43
GD,2020-03-20,118.19000244140624,113.98999786376952,General Dynamics Corporation,Industrials,0.0017986379085727,-3.55
GE,2020-03-20,56.08000183105469,52.15999984741211,General Electric Company,Industrials,0.0020578327302702,-6.99
GIS,2020-03-20,53.0,53.369998931884766,"General Mills, Inc.",Consumer Defensive,0.0013617471229325,0.7
GM,2020-03-20,18.420000076293945,18.13999938964844,General Motors Company,Consumer Cyclical,0.0013612022065553,-1.52
GPC,2020-03-20,65.16000366210938,55.34999847412109,Genuine Parts Company,Consumer Cyclical,0.0005799800531662,-15.06
GILD,2020-03-20,79.5,73.26000213623047,"Gilead Sciences, Inc.",Healthcare,0.0023252512340849,-7.85
GL,2020-03-20,64.62000274658203,61.40999984741211,Globe Life Inc.,Financial Services,0.0003006855633888,-4.97
GPN,2020-03-20,132.8699951171875,119.0,Global Payments Inc.,Industrials,0.0009672581148581,-10.44
GS,2020-03-20,148.99000549316406,138.41000366210938,"Goldman Sachs Group, Inc. (The)",Financial Services,0.0029016278236978,-7.1
HAL,2020-03-20,5.130000114440918,5.050000190734863,Halliburton Company,Energy,0.0007612359994047,-1.56
HIG,2020-03-20,34.11000061035156,31.270000457763672,Hartford Financial Services Gro,Financial Services,0.0006571264004923,-8.33
HAS,2020-03-20,47.97999954223633,46.11000061035156,"Hasbro, Inc.",Consumer Cyclical,0.0003329111128667,-3.9
HCA,2020-03-20,85.19999694824219,78.5,"HCA Healthcare, Inc.",Healthcare,0.0015732447101464,-7.86
PEAK,2020-03-20,20.549999237060547,20.959999084472656,"Healthpeak Properties, Inc.",Real Estate,0.0004228589148842,2.0
HSIC,2020-03-20,49.70000076293945,45.0099983215332,"Henry Schein, Inc.",Healthcare,0.0003142953188263,-9.44
HSY,2020-03-20,120.13999938964844,117.7300033569336,The Hershey Company,Consumer Defensive,0.0013484312618219,-2.01
HES,2020-03-20,32.029998779296875,30.690000534057617,Hess Corporation,Energy,0.0008710685600369,-4.18
HPE,2020-03-20,9.359999656677246,8.630000114440918,Hewlett Packard Enterprise Comp,Technology,0.0005046079116666,-7.8
HLT,2020-03-20,61.290000915527344,61.59999847412109,Hilton Worldwide Holdings Inc.,Consumer Cyclical,0.0009335504573861,0.51
HOLX,2020-03-20,32.0099983215332,31.049999237060547,"Hologic, Inc.",Healthcare,0.0005284112207072,-3.0
HD,2020-03-20,162.77999877929688,152.14999389648438,"Home Depot, Inc. (The)",Consumer Cyclical,0.0088532342143865,-6.53
HON,2020-03-20,120.88999938964844,112.5,Honeywell International Inc.,Industrials,0.0035538902913502,-6.94
HRL,2020-03-20,47.33000183105469,45.119998931884766,Hormel Foods Corporation,Consumer Defensive,0.0007757007035481,-4.67
HST,2020-03-20,10.5600004196167,10.640000343322754,Host Hotels,Real Estate,0.0003384400531764,0.76
HWM,2020-03-20,15.880000114440918,13.25,Howmet Aerospace Inc.,Industrials,0.0004244239965668,-16.56
HPQ,2020-03-20,14.420000076293944,13.949999809265137,HP Inc.,Technology,0.0010086732210845,-3.26
HUM,2020-03-20,261.010009765625,230.6100006103516,Humana Inc.,Healthcare,0.0018466811661739,-11.65
HBAN,2020-03-20,7.800000190734863,7.619999885559082,Huntington Bancshares Incorpora,Financial Services,0.0005410603083026,-2.31
HII,2020-03-20,169.67999267578125,159.32000732421875,"Huntington Ingalls Industries, ",Industrials,0.0002527671469336,-6.11
IBM,2020-03-20,96.4818344116211,91.19503021240234,International Business Machines,Technology,0.0037094866929541,-5.48
IEX,2020-03-20,125.41000366210938,116.4800033569336,IDEX Corporation,Industrials,0.0004120811351675,-7.12
IDXX,2020-03-20,193.9499969482422,183.2899932861328,"IDEXX Laboratories, Inc.",Healthcare,0.0009138966244423,-5.5
ITW,2020-03-20,138.8699951171875,125.77999877929688,Illinois Tool Works Inc.,Industrials,0.0017067018438371,-9.43
ILMN,2020-03-20,232.2400054931641,242.0,"Illumina, Inc.",Healthcare,0.0008737107467669,4.2
INCY,2020-03-20,67.26000213623047,66.95999908447266,Incyte Corporation,Healthcare,0.0005282214621654,-0.45
IR,2020-03-20,20.21999931335449,19.61000061035156,Ingersoll Rand Inc.,Industrials,0.0005057553540426,-3.02
INTC,2020-03-20,46.5099983215332,45.83000183105469,Intel Corporation,Technology,0.0044999506232296,-1.46
ICE,2020-03-20,73.7699966430664,72.98999786376953,Intercontinental Exchange Inc.,Financial Services,0.0015637296224976,-1.06
IP,2020-03-20,28.541667938232425,27.94507598876953,International Paper Company,Consumer Cyclical,0.00049251470211,-2.09
IPG,2020-03-20,14.25,12.520000457763672,"Interpublic Group of Companies,",Communication Services,0.0003272516374369,-12.14
IFF,2020-03-20,108.16999816894533,102.41000366210938,International Flavors & Fragran,Basic Materials,0.0008858070621276,-5.32
INTU,2020-03-20,217.72999572753903,201.83999633789065,Intuit Inc.,Technology,0.0032490589057518,-7.3
ISRG,2020-03-20,138.94667053222656,131.39666748046875,"Intuitive Surgical, Inc.",Healthcare,0.00214714396424,-5.43
IVZ,2020-03-20,9.960000038146973,8.550000190734863,Invesco Ltd,Financial Services,0.0002180554469335,-14.16
IQV,2020-03-20,91.79000091552734,91.66999816894533,"IQVIA Holdings, Inc.",Healthcare,0.0012129898237908,-0.13
IRM,2020-03-20,25.3799991607666,22.709999084472656,Iron Mountain Incorporated (Del,Real Estate,0.0004103472743455,-10.52
JBHT,2020-03-20,84.0,80.62999725341797,"J.B. Hunt Transport Services, I",Industrials,0.0005124243071576,-4.01
JKHY,2020-03-20,152.97000122070312,134.3300018310547,"Jack Henry & Associates, Inc.",Technology,0.0004060043553708,-12.19
J,2020-03-20,74.69999694824219,65.6500015258789,Jacobs Engineering Group Inc.,Industrials,0.000481436694662,-12.12
JNJ,2020-03-20,126.83000183105467,119.88999938964844,Johnson & Johnson,Healthcare,0.0137657920107437,-5.47
JCI,2020-03-20,26.690000534057617,24.90999984741211,Johnson Controls International ,Industrials,0.0009851870694526,-6.67
JPM,2020-03-20,86.30000305175781,83.5,JP Morgan Chase & Co.,Financial Services,0.0101728282676751,-3.24
JNPR,2020-03-20,18.290000915527344,17.639999389648438,"Juniper Networks, Inc.",Technology,0.0002743206053819,-3.55
K,2020-03-20,61.470001220703125,55.810001373291016,Kellogg Company,Consumer Defensive,0.0007403691368097,-9.21
KDP,2020-03-20,24.56999969482422,23.530000686645508,Keurig Dr Pepper Inc.,Consumer Defensive,0.0015305394163508,-4.23
KEY,2020-03-20,9.5,9.1899995803833,KeyCorp,Financial Services,0.0004792341010108,-3.26
KEYS,2020-03-20,86.18000030517578,83.08999633789062,Keysight Technologies Inc.,Technology,0.0007673300133693,-3.59
KMB,2020-03-20,125.86000061035156,118.27999877929688,Kimberly-Clark Corporation,Consumer Defensive,0.0013544799066872,-6.02
KIM,2020-03-20,10.470000267028809,10.630000114440918,Kimco Realty Corporation,Real Estate,0.0003700774790609,1.53
KMI,2020-03-20,11.84000015258789,12.350000381469728,"Kinder Morgan, Inc.",Energy,0.0011225921673612,4.31
KLAC,2020-03-20,129.7100067138672,114.0199966430664,KLA Corporation,Technology,0.0014146903650606,-12.1
KHC,2020-03-20,22.450000762939453,22.280000686645508,The Kraft Heinz Company,Consumer Defensive,0.0014122163180398,-0.76
KR,2020-03-20,34.25,31.770000457763672,Kroger Company (The),Consumer Defensive,0.0010406854139992,-7.24
LHX,2020-03-20,160.47999572753906,154.0399932861328,"L3Harris Technologies, Inc.",Industrials,0.0013547893909327,-4.01
LH,2020-03-20,116.94000244140624,107.23999786376952,Laboratory Corporation of Ameri,Healthcare,0.0006827067775709,-8.29
LRCX,2020-03-20,200.00999450683597,187.88999938964844,Lam Research Corporation,Technology,0.0016992625295048,-6.06
LW,2020-03-20,49.45000076293945,47.630001068115234,"Lamb Weston Holdings, Inc.",Consumer Defensive,0.0003221493798046,-3.68
LVS,2020-03-20,42.150001525878906,43.310001373291016,Las Vegas Sands Corp.,Consumer Cyclical,0.0007553587218489,2.75
LDOS,2020-03-20,77.18000030517578,72.51000213623047,"Leidos Holdings, Inc.",Technology,0.0004165108948613,-6.05
LEN,2020-03-20,32.2599983215332,34.08000183105469,Lennar Corporation,Consumer Cyclical,0.0007053679423719,5.64
LNC,2020-03-20,19.46999931335449,17.059999465942383,Lincoln National Corporation,Financial Services,0.0002568511880004,-12.38
LIN,2020-03-20,154.10000610351562,151.3000030517578,Linde plc,Basic Materials,0.0041690321881946,-1.82
LYV,2020-03-20,34.5,33.970001220703125,"Live Nation Entertainment, Inc.",Communication Services,0.0005483237488645,-1.54
LKQ,2020-03-20,17.530000686645508,16.299999237060547,LKQ Corporation,Consumer Cyclical,0.0004376273788499,-7.02
LMT,2020-03-20,314.20001220703125,291.2200012207031,Lockheed Martin Corporation,Industrials,0.0033949700703598,-7.31
L,2020-03-20,37.540000915527344,31.26000022888184,Loews Corporation,Financial Services,0.0004354803547332,-16.73
LOW,2020-03-20,72.25,66.36000061035156,"Lowe's Companies, Inc.",Consumer Cyclical,0.0036261800136107,-8.15
LUMN,2020-03-20,10.170000076293944,9.100000381469728,"Lumen Technologies, Inc.",Communication Services,0.0003303368275404,-10.52
LYB,2020-03-20,42.959999084472656,42.0,LyondellBasell Industries NV,Basic Materials,0.0008503176474623,-2.23
MTB,2020-03-20,106.73999786376952,98.76000213623048,M&T Bank Corporation,Financial Services,0.000604166289585,-7.48
MRO,2020-03-20,4.0,3.559999942779541,Marathon Oil Corporation,Energy,0.0004782814412715,-11.0
MPC,2020-03-20,17.610000610351562,18.950000762939453,Marathon Petroleum Corporation,Energy,0.0015147189373631,7.61
MKTX,2020-03-20,310.6099853515625,310.6300048828125,"MarketAxess Holdings, Inc.",Financial Services,0.0002902253978167,0.01
MAR,2020-03-20,73.70999908447266,74.58000183105469,Marriott International,Consumer Cyclical,0.0013472822360948,1.18
MMC,2020-03-20,79.80999755859375,79.87000274658203,"Marsh & McLennan Companies, Inc",Financial Services,0.0022991305688861,0.08
MLM,2020-03-20,170.0,153.6199951171875,"Martin Marietta Materials, Inc.",Basic Materials,0.0005816756395198,-9.64
MAS,2020-03-20,32.619998931884766,29.46999931335449,Masco Corporation,Industrials,0.0003832964208137,-9.66
MA,2020-03-20,236.0200042724609,211.4199981689453,Mastercard Incorporated,Financial Services,0.0094329151359875,-10.42
MTCH,2020-03-20,51.68000030517578,47.34999847412109,"Match Group, Inc.",Communication Services,0.0005824171350282,-8.38
MKC,2020-03-20,62.51499938964844,62.27000045776367,"McCormick & Company, Incorporat",Consumer Defensive,0.0006539327812862,-0.39
MCD,2020-03-20,153.58999633789062,148.49000549316406,McDonald's Corporation,Consumer Cyclical,0.0055877942015547,-3.32
MCK,2020-03-20,127.87999725341795,124.97000122070312,McKesson Corporation,Healthcare,0.0014863254325317,-2.28
MDT,2020-03-20,80.97000122070312,77.45999908447266,Medtronic plc.,Healthcare,0.0035459187274496,-4.33
MRK,2020-03-20,66.364501953125,68.09160614013672,"Merck & Company, Inc.",Healthcare,0.0070302830968148,2.6
MET,2020-03-20,27.450000762939453,24.3799991607666,"MetLife, Inc.",Financial Services,0.0015455062254931,-11.18
MTD,2020-03-20,718.6699829101562,645.1199951171875,"Mettler-Toledo International, I",Healthcare,0.0008137349897477,-10.23
MGM,2020-03-20,8.890000343322754,9.109999656677246,MGM Resorts International,Consumer Cyclical,0.0004031417783447,2.47
MCHP,2020-03-20,31.059999465942383,29.81999969482422,Microchip Technology Incorporat,Technology,0.0009767595004299,-3.99
MU,2020-03-20,37.77000045776367,36.11000061035156,"Micron Technology, Inc.",Technology,0.001971209661111,-4.4
MSFT,2020-03-20,146.0,137.35000610351562,Microsoft Corporation,Technology,0.0566325505943546,-5.92
MAA,2020-03-20,99.81999969482422,87.5,Mid-America Apartment Communiti,Real Estate,0.0005806554133164,-12.34
MRNA,2020-03-20,29.25,28.200000762939453,"Moderna, Inc.",Healthcare,0.0020887404748815,-3.59
MHK,2020-03-20,66.62000274658203,58.65999984741211,"Mohawk Industries, Inc.",Consumer Cyclical,0.0002567511932875,-11.95
MOH,2020-03-20,120.1999969482422,113.75,Molina Healthcare Inc,Healthcare,0.0004955934370128,-5.37
TAP,2020-03-20,38.72999954223633,36.93999862670898,Molson Coors Beverage Company,Consumer Defensive,0.0003711412778691,-4.62
MDLZ,2020-03-20,46.060001373291016,43.31999969482422,"Mondelez International, Inc.",Consumer Defensive,0.0025949892254919,-5.95
MPWR,2020-03-20,151.60000610351562,135.22000122070312,"Monolithic Power Systems, Inc.",Technology,0.0005281858976634,-10.8
MNST,2020-03-20,55.04999923706055,52.09999847412109,Monster Beverage Corporation,Consumer Defensive,0.0015222805351202,-5.36
MCO,2020-03-20,180.33999633789065,175.8000030517578,Moody's Corporation,Financial Services,0.0015226360583445,-2.52
MS,2020-03-20,31.25,29.670000076293945,Morgan Stanley,Financial Services,0.0040519699245589,-5.06
MOS,2020-03-20,8.569999694824219,9.59000015258789,Mosaic Company (The),Basic Materials,0.0004942112932826,11.9
MSI,2020-03-20,148.64999389648438,136.61000061035156,"Motorola Solutions, Inc.",Technology,0.0010454757819102,-8.1
MSCI,2020-03-20,240.30999755859372,243.07000732421875,MSCI Inc,Financial Services,0.0010304508759614,1.15
NDAQ,2020-03-20,89.81999969482422,80.5,"Nasdaq, Inc.",Financial Services,0.0007695806251881,-10.38
NTAP,2020-03-20,38.959999084472656,36.2400016784668,"NetApp, Inc.",Technology,0.0004251248121311,-6.98
NFLX,2020-03-20,342.3099975585937,332.8299865722656,"Netflix, Inc.",Communication Services,0.0022977435533062,-2.77
NWL,2020-03-20,12.390000343322754,11.420000076293944,Newell Brands Inc.,Consumer Defensive,0.0002414778839074,-7.83
NEM,2020-03-20,42.34999847412109,40.560001373291016,Newmont Corporation,Basic Materials,0.0013738765668705,-4.23
NWSA,2020-03-20,9.359999656677246,9.020000457763672,News Corporation,Communication Services,0.0002764349881063,-3.63
NWS,2020-03-20,9.270000457763672,8.710000038146973,News Corporation,Communication Services,0.0002788585201367,-6.04
NEE,2020-03-20,51.4375,47.9375,"NextEra Energy, Inc.",Utilities,0.0046646858838972,-6.8
NLSN,2020-03-20,15.279999732971191,13.619999885559082,Nielsen N.V.,Industrials,0.0002481435789731,-10.86
NKE,2020-03-20,71.51000213623047,67.44999694824219,"Nike, Inc.",Consumer Cyclical,0.0048835473935709,-5.68
NI,2020-03-20,23.489999771118164,21.0,NiSource Inc,Utilities,0.0003349033644116,-10.6
NDSN,2020-03-20,112.62999725341795,107.23999786376952,Nordson Corporation,Industrials,0.0003550630171397,-4.79
NSC,2020-03-20,138.77000427246094,123.70999908447266,Norfolk Southern Corporation,Industrials,0.0016089887398512,-10.85
NTRS,2020-03-20,67.55999755859375,64.55999755859375,Northern Trust Corporation,Financial Services,0.0005943943945644,-4.44
NOC,2020-03-20,300.94000244140625,284.0199890136719,Northrop Grumman Corporation,Industrials,0.0021936596534005,-5.62
NLOK,2020-03-20,16.700000762939453,16.959999084472656,NortonLifeLock Inc.,Technology,0.0003989085673331,1.56
NCLH,2020-03-20,9.09000015258789,8.720000267028809,Norwegian Cruise Line Holdings ,Consumer Cyclical,0.0001437988828686,-4.07
NRG,2020-03-20,24.38999938964844,23.309999465942383,"NRG Energy, Inc.",Utilities,0.000274397824198,-4.43
NUE,2020-03-20,31.84000015258789,30.6299991607666,Nucor Corporation,Basic Materials,0.0009277649532971,-3.8
NVDA,2020-03-20,54.75,51.4375,NVIDIA Corporation,Technology,0.0111758592779469,-6.05
NVR,2020-03-20,2733.93994140625,2326.889892578125,"NVR, Inc.",Consumer Cyclical,0.0004518387163653,-14.89
NXPI,2020-03-20,78.83999633789062,73.58000183105469,NXP Semiconductors N.V.,Technology,0.0012038570545391,-6.67
ORLY,2020-03-20,290.7300109863281,263.7699890136719,"O'Reilly Automotive, Inc.",Consumer Cyclical,0.0013088824393792,-9.27
OXY,2020-03-20,11.149999618530272,10.229999542236328,Occidental Petroleum Corporatio,Energy,0.0015932972430815,-8.25
ODFL,2020-03-20,109.01333618164062,112.45333099365234,"Old Dominion Freight Line, Inc.",Industrials,0.0008987837207102,3.16
OMC,2020-03-20,55.52000045776367,49.5099983215332,Omnicom Group Inc.,Communication Services,0.0004058411788584,-10.82
ON,2020-03-20,10.890000343322754,10.81999969482422,ON Semiconductor Corporation,Technology,0.0006760378244559,-0.64
OKE,2020-03-20,22.739999771118164,20.670000076293945,"ONEOK, Inc.",Energy,0.000729306567035,-9.1
ORCL,2020-03-20,45.02000045776367,45.650001525878906,Oracle Corporation,Technology,0.005591041776495,1.4
OTIS,2020-03-20,45.0099983215332,45.0,Otis Worldwide Corporation,Industrials,0.0008694959878856,-0.02
PCAR,2020-03-20,55.459999084472656,52.29999923706055,PACCAR Inc.,Industrials,0.000829179544641,-5.7
PKG,2020-03-20,88.43000030517578,85.87999725341797,Packaging Corporation of Americ,Consumer Cyclical,0.0003901606741994,-2.88
PH,2020-03-20,107.77999877929688,102.43000030517578,Parker-Hannifin Corporation,Industrials,0.0009519222631089,-4.96
PAYX,2020-03-20,58.27999877929688,51.970001220703125,"Paychex, Inc.",Industrials,0.0012320254799191,-10.83
PAYC,2020-03-20,203.25999450683597,192.80999755859372,"Paycom Software, Inc.",Technology,0.0005297558511955,-5.14
PYPL,2020-03-20,95.63999938964844,86.68000030517578,"PayPal Holdings, Inc.",Financial Services,0.0024955518521379,-9.37
PENN,2020-03-20,7.170000076293945,7.889999866485596,"Penn National Gaming, Inc.",Consumer Cyclical,0.0001503601528831,10.04
PNR,2020-03-20,25.0,23.780000686645508,Pentair plc.,Industrials,0.000227280476837,-4.88
PEP,2020-03-20,118.23999786376952,103.93000030517578,"Pepsico, Inc.",Consumer Defensive,0.0069687662519723,-12.1
PKI,2020-03-20,68.16000366210938,70.88999938964844,"PerkinElmer, Inc.",Healthcare,0.0005201115986344,4.01
PFE,2020-03-20,28.72865295410156,27.523719787597656,"Pfizer, Inc.",Healthcare,0.0086855276126506,-4.19
PM,2020-03-20,64.9000015258789,61.09000015258789,Philip Morris International Inc,Consumer Defensive,0.0043422814932153,-5.87
PSX,2020-03-20,47.18999862670898,48.34999847412109,Phillips 66,Energy,0.0010490546426231,2.46
PNW,2020-03-20,69.25,65.55000305175781,Pinnacle West Capital Corporati,Utilities,0.000238185061664,-5.34
PXD,2020-03-20,62.810001373291016,61.7599983215332,Pioneer Natural Resources Compa,Energy,0.001526947401644,-1.67
PNC,2020-03-20,94.08000183105467,89.48999786376953,"PNC Financial Services Group, I",Financial Services,0.0019742132781828,-4.88
POOL,2020-03-20,193.25999450683597,167.77999877929688,Pool Corporation,Consumer Cyclical,0.0004455104577823,-13.18
PPG,2020-03-20,77.11000061035156,79.72000122070312,"PPG Industries, Inc.",Basic Materials,0.0008190808094107,3.38
PPL,2020-03-20,22.1299991607666,19.670000076293945,PPL Corporation,Utilities,0.0006080744264324,-11.12
PFG,2020-03-20,27.049999237060547,25.68000030517578,Principal Financial Group Inc,Financial Services,0.0005180796110662,-5.06
PG,2020-03-20,109.19000244140624,102.43000030517578,Procter & Gamble Company (The),Consumer Defensive,0.0104159511011495,-6.19
PGR,2020-03-20,67.19999694824219,68.27999877929688,Progressive Corporation (The),Financial Services,0.0020340216871684,1.61
PLD,2020-03-20,64.88999938964844,62.81999969482422,"Prologis, Inc.",Real Estate,0.0026581086652589,-3.19
PRU,2020-03-20,45.220001220703125,42.2599983215332,"Prudential Financial, Inc.",Financial Services,0.0010792632768174,-6.55
PEG,2020-03-20,39.13999938964844,37.81999969482422,Public Service Enterprise Group,Utilities,0.0009283304532389,-3.37
PTC,2020-03-20,50.43000030517578,48.45000076293945,PTC Inc.,Technology,0.0003617131222866,-3.93
PSA,2020-03-20,186.25999450683597,171.22000122070312,Public Storage,Real Estate,0.0016027049064466,-8.07
PHM,2020-03-20,20.030000686645508,19.770000457763672,"PulteGroup, Inc.",Consumer Cyclical,0.0003317096538583,-1.3
PVH,2020-03-20,34.59000015258789,31.56999969482422,PVH Corp.,Consumer Cyclical,0.0001187727928655,-8.73
QRVO,2020-03-20,75.37000274658203,70.8499984741211,"Qorvo, Inc.",Technology,0.0003210336653491,-6.0
PWR,2020-03-20,27.420000076293945,25.1299991607666,"Quanta Services, Inc.",Industrials,0.0005411836878936,-8.35
QCOM,2020-03-20,65.02999877929688,60.90999984741211,QUALCOMM Incorporated,Technology,0.0044277215554965,-6.34
DGX,2020-03-20,81.04000091552734,75.23999786376953,Quest Diagnostics Incorporated,Healthcare,0.0004891323291812,-7.16
RL,2020-03-20,72.0999984741211,66.61000061035156,Ralph Lauren Corporation,Consumer Cyclical,0.0002041928729511,-7.61
RJF,2020-03-20,44.18000030517578,40.9466667175293,"Raymond James Financial, Inc.",Financial Services,0.0005496437765124,-7.32
RTX,2020-03-20,53.39836502075195,51.93832778930664,Raytheon Technologies Corporati,Industrials,0.0042059461925797,-2.73
O,2020-03-20,48.51744079589844,45.94961166381836,Realty Income Corporation,Real Estate,0.0011668609594883,-5.29
REG,2020-03-20,37.720001220703125,35.29999923706055,Regency Centers Corporation,Real Estate,0.0003080108459916,-6.42
REGN,2020-03-20,493.010009765625,438.4500122070313,"Regeneron Pharmaceuticals, Inc.",Healthcare,0.0019509673696341,-11.07
RF,2020-03-20,8.399999618530273,8.260000228881836,Regions Financial Corporation,Financial Services,0.0005377285721605,-1.67
RSG,2020-03-20,73.63999938964844,71.54000091552734,"Republic Services, Inc.",Industrials,0.0012106771567879,-2.85
RMD,2020-03-20,134.49000549316406,114.33999633789062,ResMed Inc.,Healthcare,0.0009350035474261,-14.98
RHI,2020-03-20,38.84999847412109,35.0,Robert Half International Inc.,Industrials,0.0002551027420787,-9.91
ROK,2020-03-20,137.5800018310547,126.79000091552734,"Rockwell Automation, Inc.",Industrials,0.0006846608155455,-7.84
ROL,2020-03-20,23.933332443237305,23.333332061767575,"Rollins, Inc.",Consumer Cyclical,0.0005252629097023,-2.51
ROP,2020-03-20,304.010009765625,283.1499938964844,"Roper Technologies, Inc.",Industrials,0.0012262379661921,-6.86
ROST,2020-03-20,65.43000030517578,63.900001525878906,"Ross Stores, Inc.",Consumer Cyclical,0.0007887163369274,-2.34
RCL,2020-03-20,24.450000762939453,23.809999465942383,D/B/A Royal Caribbean Cruises L,Consumer Cyclical,0.0002525176016626,-2.62
SPGI,2020-03-20,211.00999450683597,208.7899932861328,S&P Global Inc.,Financial Services,0.0024798752145095,-1.05
CRM,2020-03-20,140.4199981689453,139.35000610351562,"Salesforce, Inc.",Technology,0.0048717024656493,-0.76
SBAC,2020-03-20,247.22000122070312,229.3300018310547,SBA Communications Corporation,Real Estate,0.0010300088774069,-7.24
SLB,2020-03-20,14.300000190734863,14.279999732971191,Schlumberger N.V.,Energy,0.0013650955451595,-0.14
STX,2020-03-20,43.08000183105469,40.72999954223633,Seagate Technology Holdings PLC,Technology,0.0004950564982893,-5.45
SEE,2020-03-20,22.0,24.020000457763672,Sealed Air Corporation,Consumer Cyclical,0.0002488672008833,9.18
SRE,2020-03-20,99.1500015258789,99.63999938964844,DBA Sempra,Utilities,0.0013944313874989,0.49
NOW,2020-03-20,276.0599975585937,254.6999969482422,"ServiceNow, Inc.",Technology,0.0025322692773919,-7.74
SHW,2020-03-20,151.07333374023438,137.56666564941406,Sherwin-Williams Company (The),Basic Materials,0.00192230640026,-8.94
SBNY,2020-03-20,92.76000213623048,80.6500015258789,Signature Bank,Financial Services,0.0003405553189236,-13.06
SPG,2020-03-20,58.970001220703125,48.13999938964844,"Simon Property Group, Inc.",Real Estate,0.0009537101710123,-18.37
SWKS,2020-03-20,80.0,73.66999816894531,"Skyworks Solutions, Inc.",Technology,0.0004746217687534,-7.91
SJM,2020-03-20,107.1500015258789,104.16999816894533,J.M. Smucker Company (The) New,Consumer Defensive,0.0004289094780403,-2.78
SNA,2020-03-20,108.81999969482422,99.87000274658205,Snap-On Incorporated,Industrials,0.000317676595589,-8.22
SEDG,2020-03-20,81.88999938964844,69.61000061035156,"SolarEdge Technologies, Inc.",Technology,0.0004144253778457,-15.0
SO,2020-03-20,51.0099983215332,46.36000061035156,Southern Company (The),Utilities,0.0022683480308093,-9.12
LUV,2020-03-20,32.060001373291016,31.940000534057617,Southwest Airlines Company,Industrials,0.0006783419657221,-0.37
SWK,2020-03-20,85.12000274658203,79.44999694824219,"Stanley Black & Decker, Inc.",Industrials,0.0005200776783816,-6.66
STT,2020-03-20,47.84000015258789,46.66999816894531,State Street Corporation,Financial Services,0.0006779858944147,-2.45
STE,2020-03-20,121.41000366210938,115.6999969482422,STERIS plc (Ireland),Healthcare,0.0006184603571963,-4.7
SYK,2020-03-20,153.25999450683594,139.3800048828125,Stryker Corporation,Healthcare,0.0021954668660079,-9.06
SIVB,2020-03-20,169.66000366210938,150.63999938964844,SVB Financial Group,Financial Services,0.0007181061239168,-11.21
SYF,2020-03-20,14.970000267028809,13.40999984741211,Synchrony Financial,Financial Services,0.0004956746751049,-10.42
SNPS,2020-03-20,116.5999984741211,110.0,"Synopsys, Inc.",Technology,0.0013980084212681,-5.66
SYY,2020-03-20,41.68999862670898,35.33000183105469,Sysco Corporation,Consumer Defensive,0.0013169323182621,-15.26
TMUS,2020-03-20,80.0,74.55000305175781,"T-Mobile US, Inc.",Communication Services,0.0049932380615836,-6.81
TROW,2020-03-20,102.4000015258789,90.33999633789062,"T. Rowe Price Group, Inc.",Financial Services,0.000775376238365,-11.78
TTWO,2020-03-20,108.5199966430664,100.1500015258789,"Take-Two Interactive Software, ",Communication Services,0.0004182418325735,-7.71
TPR,2020-03-20,13.06999969482422,12.039999961853027,"Tapestry, Inc.",Consumer Cyclical,0.0002557533775922,-7.88
TGT,2020-03-20,99.3000030517578,97.4000015258789,Target Corporation,Consumer Defensive,0.0020595388519985,-1.91
TEL,2020-03-20,55.810001373291016,55.560001373291016,TE Connectivity Ltd. New Switze,Technology,0.0010965417785929,-0.45
TDY,2020-03-20,226.72000122070312,233.66000366210935,Teledyne Technologies Incorpora,Technology,0.0005216014102407,3.06
TFX,2020-03-20,258.7900085449219,243.83999633789065,Teleflex Incorporated,Healthcare,0.0003395607308286,-5.78
TER,2020-03-20,48.38999938964844,44.290000915527344,"Teradyne, Inc.",Technology,0.0004346296688957,-8.47
TSLA,2020-03-20,87.63999938964844,85.50599670410156,"Tesla, Inc.",Consumer Cyclical,0.0208798665359367,-2.43
TXN,2020-03-20,104.5,97.5999984741211,Texas Instruments Incorporated,Technology,0.0042416919274319,-6.6
TXT,2020-03-20,25.780000686645508,22.290000915527344,Textron Inc.,Industrials,0.0003990990871013,-13.54
TMO,2020-03-20,277.4599914550781,278.3699951171875,Thermo Fisher Scientific Inc,Healthcare,0.0062210016474766,0.33
TJX,2020-03-20,42.72999954223633,37.369998931884766,"TJX Companies, Inc. (The)",Consumer Cyclical,0.0020920662430079,-12.54
TSCO,2020-03-20,75.81999969482422,75.91000366210938,Tractor Supply Company,Consumer Cyclical,0.0006651234807052,0.12
TT,2020-03-20,82.11000061035156,75.68000030517578,Trane Technologies plc,Industrials,0.0009180235073365,-7.83
TDG,2020-03-20,313.4800109863281,302.510009765625,Transdigm Group Incorporated,Industrials,0.0008899804102873,-3.5
TRV,2020-03-20,86.1500015258789,89.51000213623047,"The Travelers Companies, Inc.",Financial Services,0.0012090526385402,3.9
TRMB,2020-03-20,25.68000030517578,26.0,Trimble Inc.,Technology,0.0004293192614894,1.25
TFC,2020-03-20,30.309999465942383,30.040000915527344,Truist Financial Corporation,Financial Services,0.001873930151739,-0.89
TWTR,2020-03-20,24.96999931335449,23.950000762939453,"Twitter, Inc.",Communication Services,0.0008098355004334,-4.08
TYL,2020-03-20,265.2699890136719,260.760009765625,"Tyler Technologies, Inc.",Technology,0.0003950083776903,-1.7
TSN,2020-03-20,57.15999984741211,53.619998931884766,"Tyson Foods, Inc.",Consumer Defensive,0.0008930750700485,-6.19
USB,2020-03-20,33.880001068115234,32.56999969482422,U.S. Bancorp,Financial Services,0.0020370350479395,-3.87
UDR,2020-03-20,33.849998474121094,32.029998779296875,"UDR, Inc.",Real Estate,0.0004121568315306,-5.38
ULTA,2020-03-20,156.35000610351562,148.05999755859375,"Ulta Beauty, Inc.",Consumer Cyclical,0.0006067975146534,-5.3
UNP,2020-03-20,124.0999984741211,117.83999633789062,Union Pacific Corporation,Industrials,0.0039474916484283,-5.04
UPS,2020-03-20,96.1500015258789,93.45999908447266,"United Parcel Service, Inc.",Industrials,0.0046356910710295,-2.8
URI,2020-03-20,79.52999877929688,70.0999984741211,"United Rentals, Inc.",Industrials,0.0005402789245256,-11.86
UNH,2020-03-20,223.17999267578125,206.58999633789065,UnitedHealth Group Incorporated,Healthcare,0.0144070141364353,-7.43
UHS,2020-03-20,86.75,75.41999816894531,"Universal Health Services, Inc.",Healthcare,0.0002433777682289,-13.06
VLO,2020-03-20,38.4900016784668,38.65999984741211,Valero Energy Corporation,Energy,0.0012747731588062,0.44
VTR,2020-03-20,20.71999931335449,21.6200008392334,"Ventas, Inc.",Real Estate,0.0006096258669361,4.34
VRSN,2020-03-20,167.0399932861328,157.1300048828125,"VeriSign, Inc.",Technology,0.0005761335452162,-5.93
VRSK,2020-03-20,137.39999389648438,124.25,"Verisk Analytics, Inc.",Industrials,0.0008342241013047,-9.57
VZ,2020-03-20,52.720001220703125,51.79999923706055,Verizon Communications Inc.,Communication Services,0.0063384668130739,-1.75
VRTX,2020-03-20,217.6999969482422,206.0,Vertex Pharmaceuticals Incorpor,Healthcare,0.0021925591025768,-5.37
VFC,2020-03-20,57.560001373291016,52.77999877929688,V.F. Corporation,Consumer Cyclical,0.000528382172304,-8.3
VTRS,2020-03-20,16.15999984741211,15.25,Viatris Inc.,Healthcare,0.0003675286491488,-5.63
VICI,2020-03-20,11.5,12.3100004196167,VICI Properties Inc.,Real Estate,0.000589486006097,7.04
VNO,2020-03-20,33.380001068115234,29.65999984741211,Vornado Realty Trust,Real Estate,0.0001679705341877,-11.14
VMC,2020-03-20,90.55999755859376,84.6500015258789,Vulcan Materials Company (Holdi,Basic Materials,0.0005859471554489,-6.53
WAB,2020-03-20,43.0,40.75,Westinghouse Air Brake Technolo,Industrials,0.0004562484710267,-5.23
WBA,2020-03-20,48.400001525878906,46.41999816894531,"Walgreens Boots Alliance, Inc.",Healthcare,0.0009754402035594,-4.09
WMT,2020-03-20,119.5,113.97000122070312,Walmart Inc.,Consumer Defensive,0.0103160811075513,-4.63
WM,2020-03-20,100.0999984741211,98.30999755859376,"Waste Management, Inc.",Industrials,0.0018786316083949,-1.79
WAT,2020-03-20,178.44000244140625,173.4600067138672,Waters Corporation,Healthcare,0.0006196384922248,-2.79
WEC,2020-03-20,90.56999969482422,74.08999633789062,"WEC Energy Group, Inc.",Utilities,0.000942273564985,-18.2
WFC,2020-03-20,28.68000030517578,26.5,Wells Fargo & Company,Financial Services,0.004695051635241,-7.6
WELL,2020-03-20,42.61000061035156,42.41999816894531,Welltower Inc.,Real Estate,0.0010670276265583,-0.45
WST,2020-03-20,137.55999755859375,130.64999389648438,"West Pharmaceutical Services, I",Healthcare,0.000653722012893,-5.02
WDC,2020-03-20,32.349998474121094,31.049999237060547,Western Digital Corporation,Technology,0.0004265249208067,-4.02
WRK,2020-03-20,26.270000457763672,25.520000457763672,Westrock Company,Consumer Cyclical,0.0003168326998919,-2.85
WY,2020-03-20,16.3799991607666,14.760000228881836,Weyerhaeuser Company,Real Estate,0.0007708741012557,-9.89
WHR,2020-03-20,84.27999877929688,74.44999694824219,Whirlpool Corporation,Consumer Cyclical,0.0002967801669568,-11.66
WMB,2020-03-20,11.65999984741211,11.529999732971191,"Williams Companies, Inc. (The)",Energy,0.0011182054321892,-1.11
GWW,2020-03-20,235.41000366210935,213.77999877929688,"W.W. Grainger, Inc.",Industrials,0.0007264134191527,-9.19
WYNN,2020-03-20,49.83000183105469,51.970001220703125,"Wynn Resorts, Limited",Consumer Cyclical,0.0001882240309186,4.29
XEL,2020-03-20,59.0,50.630001068115234,Xcel Energy Inc.,Utilities,0.001113233709677,-14.19
XYL,2020-03-20,64.5999984741211,59.88999938964844,Xylem Inc.,Industrials,0.0004116972334194,-7.29
YUM,2020-03-20,64.04000091552734,58.08000183105469,"Yum! Brands, Inc.",Consumer Cyclical,0.0010096240843293,-9.31
ZBRA,2020-03-20,186.07000732421875,179.3800048828125,Zebra Technologies Corporation,Technology,0.0004646701633809,-3.6
ZBH,2020-03-20,87.93203735351562,83.4757308959961,"Zimmer Biomet Holdings, Inc.",Healthcare,0.0006400187788414,-5.07
ZION,2020-03-20,27.3700008392334,25.57999992370605,Zions Bancorporation N.A.,Financial Services,0.0002335550841763,-6.54
ZTS,2020-03-20,101.5500030517578,100.94000244140624,Zoetis Inc.,Healthcare,0.0024452626718732,-0.6
